tariff,wood_share,P_exceed,score,mean_daily_kwh_household,median_daily_kwh_household
flat,0.2749582953548764,0.93,4.924958295354877,1.2819105263157895,1.2
evening_peak,0.2796011347030001,0.97,5.129601134703,1.248842105263158,1.2
solar_following,0.2713902824548141,0.98,5.171390282454815,1.3278894736842106,1.5
